full_name,email,phone_number_country_code,phone_number_digits
Adriana Wolfers,awolfers0@weibo.com,31,296219542
Thorvald Pickrill,tpickrill1@i2i.jp,97,739144489
Kassandra Lombardo,klombardo2@springer.com,58,865263628
Mitzi Stanbridge,mstanbridge3@joomla.org,58,867696447
Brendis Bilbrook,bbilbrook4@europa.eu,71,342470510
Essy Ezzle,eezzle5@netvibes.com,27,676653582
Taite Memory,tmemory6@toplist.cz,38,732509753
Sean Gorham,sgorham7@histats.com,53,837521112
Darryl Ewers,dewers8@reddit.com,51,495192819
Christoforo Lared,clared9@goo.gl,64,947529687
Ram Roll,rrolla@pen.io,16,149845946
Jorey Lusgdin,jlusgdinb@dmoz.org,39,975371919
Bennie Spark,bsparkc@tiny.cc,57,769564693
Melesa Downgate,mdowngated@twitpic.com,86,537256513
Maren Wiltshire,mwiltshiree@devhub.com,1,262210535
Trixy Strettle,tstrettlef@weebly.com,20,474826963
Rog Leyton,rleytong@businesswire.com,5,806587656
Grady Groneway,ggronewayh@slate.com,2,811480712
Germana Randleson,grandlesoni@nytimes.com,59,797270584
Alano Oldknowe,aoldknowej@prweb.com,58,278212892
Brett Manston,bmanstonk@biglobe.ne.jp,69,622080225
Betta Lattin,blattinl@businessinsider.com,4,182861046
Rickey Shackelton,rshackeltonm@usa.gov,9,841649154
Marquita Mackneis,mmackneisn@netscape.com,9,241039059
Lucita MacTimpany,lmactimpanyo@youku.com,55,504783145