unique_identifier,start_time,end_time,genre,title
862,18:35,19:28,Pop,Melodies in Motion
458,19:38,20:48,Electronic,Harmony Haven
173,17:17,18:37,Rock,Harmony Haven
511,17:41,18:38,Reggae,Melodies in Motion
961,19:37,20:32,Classical,Concert of Dreams
160,17:45,18:36,Country,Melodies in Motion
439,18:07,19:30,R&B,Symphony Serenade
691,17:37,18:49,Jazz,Harmony Haven
337,18:12,19:17,Pop,Harmony Haven
213,17:28,18:53,Metal,Harmony Haven
155,19:27,20:16,Country,Melodies in Motion
847,19:15,20:19,Classical,Concert of Dreams
661,21:59,23:29,Jazz,Harmony Haven
819,19:00,20:26,Electronic,Melodies in Motion
948,21:30,22:54,Classical,Melodies in Motion
292,19:54,21:16,Electronic,Rhythmic Reverie
158,21:03,21:53,Hip Hop,Symphony Serenade
525,17:35,18:34,Pop,Rhythmic Reverie
171,21:29,22:32,Classical,Harmony Haven
599,21:51,23:17,Metal,Concert of Dreams
960,20:38,21:33,Country,Melodies in Motion
677,17:41,18:29,Pop,Harmony Haven
546,19:19,20:34,R&B,Rhythmic Reverie
212,17:42,18:47,R&B,Symphony Serenade
234,21:27,22:49,Classical,Symphony Serenade
